{"options":{"awareOfChrome":false,"check_for_updates":true,"comment":null,"compat_arrayleft":false,"compat_foreach":false,"compat_forvarin":false,"compat_metadata":false,"compat_uW_gmonkey":false,"compat_wrappedjsobject":false,"compatopts_for_requires":true,"noframes":null,"override":{"merge_connects":true,"merge_excludes":true,"merge_includes":true,"merge_matches":true,"orig_excludes":[],"orig_includes":["/^https?://(?:www|encrypted|ipv[46])\\.google\\.[^/]+/(?:$|[#?]|search|webhp|imgres)/"],"orig_matches":["https://news.google.com/*","https://cse.google.com/cse/*"],"orig_noframes":null,"orig_run_at":"document-start","use_blockers":[],"use_connects":[],"use_excludes":[],"use_includes":[],"use_matches":[]},"run_at":null},"settings":{"enabled":true,"position":35},"meta":{"name":"Google: Direct Links for Pages and Images","uuid":"45acfb36-f46a-42e4-befd-a4ab40455e0a","modified":1510905482144,"file_url":"https://greasyfork.org/scripts/19210-google-direct-links-for-pages-and-images/code/Google:%20Direct%20Links%20for%20Pages%20and%20Images.user.js"}}