{"options":{"check_for_updates":true,"comment":null,"compatopts_for_requires":true,"compat_wrappedjsobject":false,"compat_metadata":false,"compat_foreach":false,"compat_arrayleft":false,"compat_uW_gmonkey":false,"compat_forvarin":false,"noframes":null,"awareOfChrome":false,"run_at":null,"override":{"use_includes":[],"orig_includes":["*"],"merge_includes":true,"use_matches":[],"orig_matches":[],"merge_matches":true,"use_excludes":[],"orig_excludes":["*/test/*.html*","http://acid3.acidtests.org/*","http://www.acfun.tv/*","http://www.sf-express.com/*","http://furk.net/*"],"merge_excludes":true,"use_connects":[],"merge_connects":true,"use_blockers":[],"orig_run_at":"document-idle","orig_noframes":null,"orig_connects":[]}},"settings":{"enabled":true,"position":43},"meta":{"name":"Popup Search","uuid":"460fb919-e2fc-4322-b836-0a186fe9084a","modified":1512871670578,"file_url":"https://greasyfork.org/scripts/340-popup-search/code/Popup%20Search.user.js"}}