{"options":{"awareOfChrome":false,"check_for_updates":true,"comment":null,"compat_arrayleft":false,"compat_foreach":false,"compat_forvarin":false,"compat_metadata":false,"compat_uW_gmonkey":false,"compat_wrappedjsobject":false,"compatopts_for_requires":true,"noframes":null,"override":{"merge_connects":true,"merge_excludes":true,"merge_includes":true,"merge_matches":true,"orig_connects":[],"orig_excludes":[],"orig_includes":["http*","https*","chrome*"],"orig_matches":[],"orig_noframes":null,"orig_run_at":"document-idle","use_blockers":[],"use_connects":["google.com"],"use_excludes":[],"use_includes":[],"use_matches":[]},"run_at":null},"settings":{"enabled":true,"position":40},"meta":{"name":"Google Translator Tooltip Expanded Fork","uuid":"a57e5daf-1397-4f54-b89a-50fecd35e33a","modified":1510905488982,"file_url":"https://greasyfork.org/scripts/16204-google-translator-tooltip-expanded-fork/code/Google%20Translator%20Tooltip%20Expanded%20Fork.user.js"}}