{"options":{"awareOfChrome":false,"check_for_updates":true,"comment":null,"compat_arrayleft":false,"compat_foreach":false,"compat_forvarin":false,"compat_metadata":false,"compat_uW_gmonkey":false,"compat_wrappedjsobject":false,"compatopts_for_requires":true,"noframes":null,"override":{"merge_connects":true,"merge_excludes":true,"merge_includes":true,"merge_matches":true,"orig_excludes":[],"orig_includes":[],"orig_matches":["http://*/*","https://*/*"],"orig_noframes":null,"orig_run_at":"document-end","use_blockers":[],"use_connects":[],"use_excludes":[],"use_includes":[],"use_matches":[]},"run_at":null},"settings":{"enabled":true,"position":41},"meta":{"name":"HTML5播放器增强插件","uuid":"9936e25c-d083-4ad4-8e82-e76079004f13","modified":1502685127352,"file_url":"https://greasyfork.org/scripts/27614-html5%E6%92%AD%E6%94%BE%E5%99%A8%E5%A2%9E%E5%BC%BA%E6%8F%92%E4%BB%B6/code/HTML5%E6%92%AD%E6%94%BE%E5%99%A8%E5%A2%9E%E5%BC%BA%E6%8F%92%E4%BB%B6.user.js"}}