{"options":{"awareOfChrome":false,"check_for_updates":true,"comment":null,"compat_arrayleft":false,"compat_foreach":false,"compat_forvarin":false,"compat_metadata":false,"compat_uW_gmonkey":false,"compat_wrappedjsobject":false,"compatopts_for_requires":true,"noframes":null,"override":{"merge_connects":true,"merge_excludes":true,"merge_includes":true,"merge_matches":true,"orig_excludes":[],"orig_includes":[],"orig_matches":["http://t66y.com/htm_data/*"],"orig_noframes":null,"orig_run_at":"document-idle","use_blockers":[],"use_connects":[],"use_excludes":[],"use_includes":[],"use_matches":[]},"run_at":null},"settings":{"enabled":true,"position":31},"meta":{"name":"rm2mag 自动获取CL1024/草榴/磁力链","uuid":"d40fb078-677b-479b-88de-123643c9da98","modified":1502685127300,"file_url":"https://greasyfork.org/scripts/16886-rm2mag-%E8%87%AA%E5%8A%A8%E8%8E%B7%E5%8F%96cl1024-%E8%8D%89%E6%A6%B4-%E7%A3%81%E5%8A%9B%E9%93%BE/code/rm2mag%20%E8%87%AA%E5%8A%A8%E8%8E%B7%E5%8F%96CL1024%E8%8D%89%E6%A6%B4%E7%A3%81%E5%8A%9B%E9%93%BE.user.js"}}