{"options":{"awareOfChrome":false,"check_for_updates":true,"comment":null,"compat_arrayleft":false,"compat_foreach":false,"compat_forvarin":false,"compat_metadata":false,"compat_uW_gmonkey":false,"compat_wrappedjsobject":false,"compatopts_for_requires":true,"noframes":null,"override":{"merge_connects":true,"merge_excludes":true,"merge_includes":true,"merge_matches":true,"orig_excludes":[],"orig_includes":["/^https?://s.taobao.com/search\\?.+/","/^https?://list.tmall.com/search_product.htm\\?.+/"],"orig_matches":[],"orig_noframes":null,"orig_run_at":"document-start","use_blockers":[],"use_connects":[],"use_excludes":[],"use_includes":[],"use_matches":[]},"run_at":null},"settings":{"enabled":true,"position":39},"meta":{"name":"Sort by Sales in Taobao","uuid":"8312ebcf-58c8-4abd-81bd-f5002ba8713b","modified":1502685127343,"file_url":"https://greasyfork.org/scripts/14505-%E6%B7%98%E5%AE%9D%E9%94%80%E9%87%8F%E6%8E%92%E5%BA%8F/code/%E6%B7%98%E5%AE%9D%E9%94%80%E9%87%8F%E6%8E%92%E5%BA%8F.user.js"}}