{"options":{"check_for_updates":true,"comment":null,"compatopts_for_requires":true,"compat_wrappedjsobject":false,"compat_metadata":false,"compat_foreach":false,"compat_arrayleft":false,"compat_uW_gmonkey":false,"compat_forvarin":false,"noframes":null,"awareOfChrome":false,"run_at":null,"override":{"use_includes":[],"orig_includes":["https://btdigg.org/search*","http://btdigg.org/search*","http://*.jav*.*","https://*.jav*.*","http://www.torrentkitty.*/search*"],"merge_includes":true,"use_matches":[],"orig_matches":[],"merge_matches":true,"use_excludes":[],"orig_excludes":[],"merge_excludes":true,"use_connects":[],"merge_connects":true,"use_blockers":[],"orig_run_at":"document-end","orig_noframes":null}},"settings":{"enabled":true,"position":32},"meta":{"name":"All Magnet to BT","uuid":"5e56dede-df90-4431-a43f-6321751ba7d8","modified":1502685127304,"file_url":"https://greasyfork.org/scripts/12156-all-magnet-to-bt/code/All%20Magnet%20to%20BT.user.js"}}