{"options":{"check_for_updates":true,"comment":null,"compatopts_for_requires":true,"compat_wrappedjsobject":false,"compat_metadata":false,"compat_foreach":false,"compat_arrayleft":false,"compat_uW_gmonkey":false,"compat_forvarin":false,"noframes":null,"awareOfChrome":false,"run_at":null,"override":{"use_includes":[],"orig_includes":["*www.baidu.com*","*tieba.baidu.com*","*v.baidu.com*","*www.google.*","*docs.google.*","*encrypted.google.com*","*www.so.com*","*www.zhihu.com*","*daily.zhihu.com*","*zhuanlan.zhihu.com*","*weibo.com*","*twitter.com*","*www.sogou.com*","*juejin.im*"],"merge_includes":true,"use_matches":[],"orig_matches":[],"merge_matches":true,"use_excludes":[],"orig_excludes":[],"merge_excludes":true,"use_connects":["*"],"merge_connects":true,"use_blockers":[],"orig_run_at":"document-start","orig_noframes":null}},"settings":{"enabled":true,"position":27},"meta":{"name":"anti-redirect (typescript)","uuid":"4ac5890f-7233-4132-a914-3c240896ed17","modified":1506679601151,"file_url":"https://greasyfork.org/scripts/11915-anti-redirect-typescript/code/anti-redirect%20(typescript).user.js"}}