{"options":{"check_for_updates":true,"comment":null,"compatopts_for_requires":true,"compat_wrappedjsobject":false,"compat_metadata":false,"compat_foreach":false,"compat_arrayleft":false,"compat_uW_gmonkey":false,"compat_forvarin":false,"noframes":null,"awareOfChrome":false,"run_at":null,"override":{"use_includes":[],"orig_includes":["http*://yun.baidu.com/share/*","http*://pan.baidu.com/share/*","http*://yun.baidu.com/s/*","http*://pan.baidu.com/s/*","http*://pan.baidu.com/wap/*","http*://yun.baidu.com/wap/*","http*://yun.baidu.com/pcloud/album/*","http*://pan.baidu.com/pcloud/album/*","http*://pan.baidu.com/disk/home*","http*://yun.baidu.com/disk/home*"],"merge_includes":true,"use_matches":[],"orig_matches":[],"merge_matches":true,"use_excludes":[],"orig_excludes":[],"merge_excludes":true,"use_connects":[],"merge_connects":true,"use_blockers":[],"orig_run_at":"document-start","orig_noframes":null}},"settings":{"enabled":true,"position":9},"meta":{"name":"BaiduPanDownloadHelper modify by ted423","uuid":"ba99f83e-8523-4cf6-aa7d-0d6a12b14610","modified":1502772453688,"file_url":"https://greasyfork.org/scripts/7382-baidupandownloadhelper-modify-by-ted423/code/BaiduPanDownloadHelper%20modify%20by%20ted423.user.js"}}