{"options":{"check_for_updates":true,"comment":null,"compatopts_for_requires":true,"compat_wrappedjsobject":false,"compat_metadata":false,"compat_foreach":false,"compat_arrayleft":false,"compat_uW_gmonkey":false,"compat_forvarin":false,"noframes":null,"awareOfChrome":false,"run_at":null,"override":{"use_includes":[],"orig_includes":["http://*"],"merge_includes":true,"use_matches":[],"orig_matches":[],"merge_matches":true,"use_excludes":[],"orig_excludes":[],"merge_excludes":true,"use_connects":[],"merge_connects":true,"use_blockers":[],"orig_run_at":"document-idle","orig_noframes":null}},"settings":{"enabled":true,"position":33},"meta":{"name":"CL1024改进版","uuid":"52042c6a-a116-420c-97ac-10f726274ac0","modified":1506679600548,"file_url":"https://greasyfork.org/scripts/11397-cl1024%E4%BF%AE%E6%94%B9%E7%89%88/code/CL1024%E4%BF%AE%E6%94%B9%E7%89%88.user.js"}}