{"options":{"check_for_updates":true,"comment":null,"compatopts_for_requires":true,"compat_wrappedjsobject":false,"compat_metadata":false,"compat_foreach":false,"compat_arrayleft":false,"compat_uW_gmonkey":false,"compat_forvarin":false,"noframes":null,"awareOfChrome":false,"run_at":null,"override":{"use_includes":[],"orig_includes":["*pornhub.com/*","*pornhubpremium.com/*"],"merge_includes":true,"use_matches":[],"orig_matches":[],"merge_matches":true,"use_excludes":[],"orig_excludes":[],"merge_excludes":true,"use_connects":[],"merge_connects":true,"use_blockers":[],"orig_run_at":"document-start","orig_noframes":null}},"settings":{"enabled":true,"position":37},"meta":{"name":"ExtendPornHub","uuid":"f8a6ebaa-f615-4515-8d62-3854ad9a742e","modified":1510905481837,"file_url":"https://greasyfork.org/scripts/6587-extendpornhub/code/ExtendPornHub.user.js"}}