{"options":{"check_for_updates":true,"comment":null,"compatopts_for_requires":true,"compat_wrappedjsobject":false,"compat_metadata":false,"compat_foreach":false,"compat_arrayleft":false,"compat_uW_gmonkey":false,"compat_forvarin":false,"noframes":null,"awareOfChrome":false,"run_at":null,"override":{"use_includes":[],"orig_includes":["/^https?://(?:www|encrypted|ipv[46])\\.google\\.[^/]+/(?:$|[#?]|search|webhp|imgres)/"],"merge_includes":true,"use_matches":[],"orig_matches":["https://news.google.com/*","https://cse.google.com/cse/*"],"merge_matches":true,"use_excludes":[],"orig_excludes":[],"merge_excludes":true,"use_connects":[],"merge_connects":true,"use_blockers":[],"orig_run_at":"document-start","orig_noframes":null}},"settings":{"enabled":true,"position":21},"meta":{"name":"Google: Bypass Result Page Redirect","uuid":"00749b9d-0dc2-4285-aecf-e7a023dc225d","modified":1510905481751,"file_url":"https://greasyfork.org/scripts/14150-google-%E7%BB%95%E8%BF%87%E6%90%9C%E7%B4%A2%E7%BB%93%E6%9E%9C%E7%BD%91%E9%A1%B5%E9%93%BE%E6%8E%A5%E9%87%8D%E5%AE%9A%E5%90%91/code/Google%EF%BC%9A%E7%BB%95%E8%BF%87%E6%90%9C%E7%B4%A2%E7%BB%93%E6%9E%9C%E7%BD%91%E9%A1%B5%E9%93%BE%E6%8E%A5%E9%87%8D%E5%AE%9A%E5%90%91.user.js"}}