{"options":{"check_for_updates":true,"comment":null,"compatopts_for_requires":true,"compat_wrappedjsobject":false,"compat_metadata":false,"compat_foreach":false,"compat_arrayleft":false,"compat_uW_gmonkey":false,"compat_forvarin":false,"noframes":null,"awareOfChrome":false,"run_at":null,"override":{"use_includes":[],"orig_includes":["/^https?://(?:www|encrypted|ipv[46])\\.google\\.[^/]+/(?:$|[#?]|search|webhp|imgres)/"],"merge_includes":true,"use_matches":[],"orig_matches":["https://news.google.com/*","https://cse.google.com/cse/*"],"merge_matches":true,"use_excludes":[],"orig_excludes":[],"merge_excludes":true,"use_connects":[],"merge_connects":true,"use_blockers":[],"orig_run_at":"document-start","orig_noframes":null}},"settings":{"enabled":true,"position":35},"meta":{"name":"Google: Direct Links for Pages and Images","uuid":"45acfb36-f46a-42e4-befd-a4ab40455e0a","modified":1510905482144,"file_url":"https://greasyfork.org/scripts/19210-google-direct-links-for-pages-and-images/code/Google:%20Direct%20Links%20for%20Pages%20and%20Images.user.js"}}