{"options":{"check_for_updates":true,"comment":null,"compatopts_for_requires":true,"compat_wrappedjsobject":false,"compat_metadata":false,"compat_foreach":false,"compat_arrayleft":false,"compat_uW_gmonkey":false,"compat_forvarin":false,"noframes":null,"awareOfChrome":false,"run_at":null,"override":{"use_includes":[],"orig_includes":["http*://www.google.*/*","http*://news.google.*/*","http*://images.google.*/*","http*://video.google.*/*","http*://encrypted.google.*/*","http*://startpage.com/*","http*://*.startpage.com/*","http*://duckduckgo.com/*","http*://www.bing.com/*","http*://*search.yahoo.com/*","http*://search.yahoo.co.jp/*","http*://www.yandex.com/*","http*://yandex.com/*","http*://searx.*/*"],"merge_includes":true,"use_matches":[],"orig_matches":[],"merge_matches":true,"use_excludes":[],"orig_excludes":[],"merge_excludes":true,"use_connects":[],"merge_connects":true,"use_blockers":[],"orig_run_at":"document-idle","orig_noframes":null}},"settings":{"enabled":true,"position":38},"meta":{"name":"Google Hit Hider by Domain (Search Filter / Block Sites)","uuid":"9dabdb51-5591-4fac-b3fc-d883a35d5085","modified":1506679601377,"file_url":"https://greasyfork.org/scripts/1682-google-hit-hider-by-domain-search-filter-block-sites/code/Google%20Hit%20Hider%20by%20Domain%20(Search%20Filter%20%20Block%20Sites).user.js"}}