{"options":{"check_for_updates":true,"comment":null,"compatopts_for_requires":true,"compat_wrappedjsobject":false,"compat_metadata":false,"compat_foreach":false,"compat_arrayleft":false,"compat_uW_gmonkey":false,"compat_forvarin":false,"noframes":null,"awareOfChrome":false,"run_at":null,"override":{"use_includes":[],"orig_includes":[],"merge_includes":true,"use_matches":[],"orig_matches":["http://*/*","https://*/*"],"merge_matches":true,"use_excludes":[],"orig_excludes":[],"merge_excludes":true,"use_connects":[],"merge_connects":true,"use_blockers":[],"orig_run_at":"document-end","orig_noframes":null}},"settings":{"enabled":true,"position":41},"meta":{"name":"HTML5播放器增强插件","uuid":"9936e25c-d083-4ad4-8e82-e76079004f13","modified":1502685127352,"file_url":"https://greasyfork.org/scripts/27614-html5%E6%92%AD%E6%94%BE%E5%99%A8%E5%A2%9E%E5%BC%BA%E6%8F%92%E4%BB%B6/code/HTML5%E6%92%AD%E6%94%BE%E5%99%A8%E5%A2%9E%E5%BC%BA%E6%8F%92%E4%BB%B6.user.js"}}