{"options":{"check_for_updates":true,"comment":null,"compatopts_for_requires":true,"compat_wrappedjsobject":false,"compat_metadata":false,"compat_foreach":false,"compat_arrayleft":false,"compat_uW_gmonkey":false,"compat_forvarin":false,"noframes":null,"awareOfChrome":false,"run_at":null,"override":{"use_includes":[],"orig_includes":[],"merge_includes":true,"use_matches":[],"orig_matches":["http://*.javlibrary.com/*"],"merge_matches":true,"use_excludes":[],"orig_excludes":[],"merge_excludes":true,"use_connects":[],"merge_connects":true,"use_blockers":[],"orig_run_at":"document-start","orig_noframes":null}},"settings":{"enabled":true,"position":34},"meta":{"name":"javlibrary.com 优化脚本","uuid":"f7f8a696-4dc8-437d-bb55-1db2b36767c7","modified":1502685127314,"file_url":"https://greasyfork.org/scripts/25428-javlibrary-com-%E4%BC%98%E5%8C%96%E8%84%9A%E6%9C%AC/code/javlibrarycom%20%E4%BC%98%E5%8C%96%E8%84%9A%E6%9C%AC.user.js"}}