{"options":{"check_for_updates":true,"comment":null,"compatopts_for_requires":true,"compat_wrappedjsobject":false,"compat_metadata":false,"compat_foreach":false,"compat_arrayleft":false,"compat_uW_gmonkey":false,"compat_forvarin":false,"noframes":null,"awareOfChrome":false,"run_at":null,"override":{"use_includes":[],"orig_includes":["http*"],"merge_includes":true,"use_matches":[],"orig_matches":[],"merge_matches":true,"use_excludes":[],"orig_excludes":[],"merge_excludes":true,"use_connects":["*"],"merge_connects":true,"use_blockers":[],"orig_run_at":"document-idle","orig_noframes":null}},"settings":{"enabled":true,"position":20},"meta":{"name":"Mouseover Popup Image Viewer","uuid":"7333c290-61f0-4627-a3a8-d636d8f9b902","modified":1510905486276,"file_url":"https://greasyfork.org/scripts/404-mouseover-popup-image-viewer/code/Mouseover%20Popup%20Image%20Viewer.user.js"}}