{"options":{"check_for_updates":true,"comment":null,"compatopts_for_requires":true,"compat_wrappedjsobject":false,"compat_metadata":false,"compat_foreach":false,"compat_arrayleft":false,"compat_uW_gmonkey":false,"compat_forvarin":false,"noframes":null,"awareOfChrome":false,"run_at":null,"override":{"use_includes":[],"orig_includes":["http://play.baidu.com/*","http://fm.baidu.com/*","*://www.baidu.com/","http://5sing.kugou.com/*","http://www.beiwo.ac/*","http://www.dongting.com/*","http://fm.dongting.com/*","http://www.duole.com/*","*://music.douban.com/*","http://papa.me/*","http://www.1ting.com/*","http://www.9ku.com/*","http://www.666ccc.com/*","http://www.yue365.com/*","http://dict.cn/*","*://www.duonao.tv/*","http://www.webtoons.com/*","http://v.rongkuai.com/play.html?course_id=*","http://www.panda.tv/*","http://www.kafan.cn/*"],"merge_includes":true,"use_matches":[],"orig_matches":[],"merge_matches":true,"use_excludes":[],"orig_excludes":["http://www.panda.tv/roomframe/*","http://www.kafan.cn/home.php?mod=spacecp&ac=avatar"],"merge_excludes":true,"use_connects":[],"merge_connects":true,"use_blockers":[],"orig_run_at":"document-start","orig_noframes":null}},"settings":{"enabled":true,"position":25},"meta":{"name":"navigator.plugins spoofing","uuid":"9712e4aa-81ed-41b1-b8d9-7534ab775095","modified":1510905481862,"file_url":"https://greasyfork.org/scripts/6668-navigator-plugins-spoofing/code/navigatorplugins%20spoofing.user.js"}}