{"options":{"check_for_updates":true,"comment":null,"compatopts_for_requires":true,"compat_wrappedjsobject":false,"compat_metadata":false,"compat_foreach":false,"compat_arrayleft":false,"compat_uW_gmonkey":false,"compat_forvarin":false,"noframes":null,"awareOfChrome":false,"run_at":null,"override":{"use_includes":[],"orig_includes":["http://www*.rai.*/dl/RaiTV/programmi/media/*","http://www*.rai.*/dl/RaiTV/tematiche/*","http://www*.rai.*/dl/*PublishingBlock-*","http://www*.rai.*/dl/replaytv/replaytv.*","http://rai.it/*","http://*.rai.it/*","http://www.raiplay.it/*","http://www.rainews.it/dl/rainews/*"],"merge_includes":true,"use_matches":[],"orig_matches":[],"merge_matches":true,"use_excludes":[],"orig_excludes":["http://www.raiplay.it/dirette/*"],"merge_excludes":true,"use_connects":[],"merge_connects":true,"use_blockers":[],"orig_run_at":"document-idle","orig_noframes":null}},"settings":{"enabled":true,"position":30},"meta":{"name":"Rai.tv native video player and direct links","uuid":"e465d4ba-335d-4264-9a4f-17fa259dc201","modified":1510905483222,"file_url":"https://greasyfork.org/scripts/2128-rai-tv-native-video-player-and-direct-links/code/Raitv%20native%20video%20player%20and%20direct%20links.user.js"}}