{"options":{"check_for_updates":true,"comment":null,"compatopts_for_requires":true,"compat_wrappedjsobject":false,"compat_metadata":false,"compat_foreach":false,"compat_arrayleft":false,"compat_uW_gmonkey":false,"compat_forvarin":false,"noframes":null,"awareOfChrome":false,"run_at":null,"override":{"use_includes":[],"orig_includes":[],"merge_includes":true,"use_matches":[],"orig_matches":["http://t66y.com/htm_data/*"],"merge_matches":true,"use_excludes":[],"orig_excludes":[],"merge_excludes":true,"use_connects":[],"merge_connects":true,"use_blockers":[],"orig_run_at":"document-idle","orig_noframes":null}},"settings":{"enabled":true,"position":31},"meta":{"name":"rm2mag 自动获取CL1024/草榴/磁力链","uuid":"d40fb078-677b-479b-88de-123643c9da98","modified":1502685127300,"file_url":"https://greasyfork.org/scripts/16886-rm2mag-%E8%87%AA%E5%8A%A8%E8%8E%B7%E5%8F%96cl1024-%E8%8D%89%E6%A6%B4-%E7%A3%81%E5%8A%9B%E9%93%BE/code/rm2mag%20%E8%87%AA%E5%8A%A8%E8%8E%B7%E5%8F%96CL1024%E8%8D%89%E6%A6%B4%E7%A3%81%E5%8A%9B%E9%93%BE.user.js"}}