{"options":{"check_for_updates":true,"comment":null,"compatopts_for_requires":true,"compat_wrappedjsobject":false,"compat_metadata":false,"compat_foreach":false,"compat_arrayleft":false,"compat_uW_gmonkey":false,"compat_forvarin":false,"noframes":null,"awareOfChrome":false,"run_at":null,"override":{"use_includes":[],"orig_includes":["/^https?://s.taobao.com/search\\?.+/","/^https?://list.tmall.com/search_product.htm\\?.+/"],"merge_includes":true,"use_matches":[],"orig_matches":[],"merge_matches":true,"use_excludes":[],"orig_excludes":[],"merge_excludes":true,"use_connects":[],"merge_connects":true,"use_blockers":[],"orig_run_at":"document-start","orig_noframes":null}},"settings":{"enabled":true,"position":39},"meta":{"name":"Sort by Sales in Taobao","uuid":"8312ebcf-58c8-4abd-81bd-f5002ba8713b","modified":1502685127343,"file_url":"https://greasyfork.org/scripts/14505-%E6%B7%98%E5%AE%9D%E9%94%80%E9%87%8F%E6%8E%92%E5%BA%8F/code/%E6%B7%98%E5%AE%9D%E9%94%80%E9%87%8F%E6%8E%92%E5%BA%8F.user.js"}}