{"options":{"check_for_updates":true,"comment":null,"compatopts_for_requires":true,"compat_wrappedjsobject":false,"compat_metadata":false,"compat_foreach":false,"compat_arrayleft":false,"compat_uW_gmonkey":false,"compat_forvarin":false,"noframes":null,"awareOfChrome":false,"run_at":null,"override":{"use_includes":[],"orig_includes":["http://*","https://*"],"merge_includes":true,"use_matches":[],"orig_matches":[],"merge_matches":true,"use_excludes":[],"orig_excludes":[],"merge_excludes":true,"use_connects":[],"merge_connects":true,"use_blockers":[],"orig_run_at":"document-idle","orig_noframes":null}},"settings":{"enabled":true,"position":29},"meta":{"name":"True href download for Thunder/Flashget/qqdl/fs2you","uuid":"ffa7731c-002b-4771-82e5-acd4d9b22f09","modified":1502685127290,"file_url":"https://greasyfork.org/scripts/12884-true-href-download-for-thunder-flashget-qqdl-fs2you/code/True%20href%20download%20for%20ThunderFlashgetqqdlfs2you.user.js"}}