{"options":{"check_for_updates":true,"comment":null,"compatopts_for_requires":true,"compat_wrappedjsobject":false,"compat_metadata":false,"compat_foreach":false,"compat_arrayleft":false,"compat_uW_gmonkey":false,"compat_forvarin":false,"noframes":null,"awareOfChrome":false,"run_at":null,"override":{"use_includes":[],"orig_includes":["http://www.verycd.com/topics/*"],"merge_includes":true,"use_matches":[],"orig_matches":[],"merge_matches":true,"use_excludes":[],"orig_excludes":[],"merge_excludes":true,"use_connects":[],"merge_connects":true,"use_blockers":[],"orig_run_at":"document-idle","orig_noframes":null}},"settings":{"enabled":true,"position":28},"meta":{"name":"verycd补全下载链接","uuid":"14a0235f-9265-4f12-97b2-2df30145eed6","modified":1510905484136,"file_url":"https://greasyfork.org/scripts/301-verycd%E8%A1%A5%E5%85%A8%E4%B8%8B%E8%BD%BD%E9%93%BE%E6%8E%A5/code/verycd%E8%A1%A5%E5%85%A8%E4%B8%8B%E8%BD%BD%E9%93%BE%E6%8E%A5.user.js"}}