{"options":{"check_for_updates":true,"comment":null,"compatopts_for_requires":true,"compat_wrappedjsobject":false,"compat_metadata":false,"compat_foreach":false,"compat_arrayleft":false,"compat_uW_gmonkey":false,"compat_forvarin":false,"noframes":null,"awareOfChrome":false,"run_at":null,"override":{"use_includes":[],"orig_includes":["http*"],"merge_includes":true,"use_matches":[],"orig_matches":[],"merge_matches":true,"use_excludes":[],"orig_excludes":["https://www.youtube.com/*","http://*.dj92cc.com/*","http://*.yinyuetai.com/*"],"merge_excludes":true,"use_connects":[],"merge_connects":true,"use_blockers":[],"orig_run_at":"document-idle","orig_noframes":null}},"settings":{"enabled":true,"position":12},"meta":{"name":"vipVideos_skipAd","uuid":"c30510fa-8ef3-45b9-8e0e-e9f175201583","modified":1502685127214,"file_url":"https://greasyfork.org/scripts/8561-vipvideos-skipad/code/vipVideos_skipAd.user.js"}}