{"options":{"check_for_updates":true,"comment":null,"compatopts_for_requires":true,"compat_wrappedjsobject":true,"compat_metadata":false,"compat_foreach":false,"compat_arrayleft":false,"compat_uW_gmonkey":false,"compat_forvarin":false,"noframes":null,"awareOfChrome":false,"run_at":null,"override":{"use_includes":[],"orig_includes":["http://*.youtube.com/*","http://youtube.com/*","https://*.youtube.com/*","https://youtube.com/*"],"merge_includes":true,"use_matches":[],"orig_matches":[],"merge_matches":true,"use_excludes":[],"orig_excludes":[],"merge_excludes":true,"use_connects":[],"merge_connects":true,"use_blockers":[],"orig_run_at":"document-idle","orig_noframes":null}},"settings":{"enabled":true,"position":42},"meta":{"name":"YouTube Auto Buffer & Auto HD","uuid":"ec3b6877-75c5-43c1-a6b2-c0432934b7d4","modified":1502685127354,"file_url":"https://greasyfork.org/scripts/494-youtube-auto-buffer-auto-hd/code/YouTube%20Auto%20Buffer%20%20Auto%20HD.user.js"}}