{"options":{"check_for_updates":true,"comment":null,"compatopts_for_requires":true,"compat_wrappedjsobject":false,"compat_metadata":false,"compat_foreach":false,"compat_arrayleft":false,"compat_uW_gmonkey":false,"compat_forvarin":false,"noframes":null,"awareOfChrome":false,"run_at":null,"override":{"use_includes":[],"orig_includes":[],"merge_includes":true,"use_matches":[],"orig_matches":["*://login.taobao.com/*","*://login.1688.com/*","*://account.aliyun.com/*","*://passport.jd.com/*","*://*.weibo.com/*","*://login.tmall.com/*","*://pan.baidu.com/*","*://graph.qq.com/*","*://xui.ptlogin2.qq.com/*","*://ssl.xui.ptlogin2.qq.com/*","*://ui.ptlogin2.qq.com/*","*://passport.suning.com/*","*://*.zhihu.com/*"],"merge_matches":true,"use_excludes":[],"orig_excludes":[],"merge_excludes":true,"use_connects":[],"merge_connects":true,"use_blockers":[],"orig_run_at":"document-idle","orig_noframes":null}},"settings":{"enabled":true,"position":15},"meta":{"name":"拒绝二维码登录（淘宝、京东等网站默认出现账号密码登录界面）","uuid":"6fd973e1-7e70-4d52-b6d2-dd65eb1d3bc6","modified":1506679600126,"file_url":"https://greasyfork.org/scripts/27183-%E6%8B%92%E7%BB%9D%E4%BA%8C%E7%BB%B4%E7%A0%81%E7%99%BB%E5%BD%95-%E6%B7%98%E5%AE%9D-%E4%BA%AC%E4%B8%9C%E7%AD%89%E7%BD%91%E7%AB%99%E9%BB%98%E8%AE%A4%E5%87%BA%E7%8E%B0%E8%B4%A6%E5%8F%B7%E5%AF%86%E7%A0%81%E7%99%BB%E5%BD%95%E7%95%8C%E9%9D%A2/code/%E6%8B%92%E7%BB%9D%E4%BA%8C%E7%BB%B4%E7%A0%81%E7%99%BB%E5%BD%95%EF%BC%88%E6%B7%98%E5%AE%9D%E3%80%81%E4%BA%AC%E4%B8%9C%E7%AD%89%E7%BD%91%E7%AB%99%E9%BB%98%E8%AE%A4%E5%87%BA%E7%8E%B0%E8%B4%A6%E5%8F%B7%E5%AF%86%E7%A0%81%E7%99%BB%E5%BD%95%E7%95%8C%E9%9D%A2%EF%BC%89.user.js"}}