{"options":{"check_for_updates":true,"comment":null,"compatopts_for_requires":true,"compat_wrappedjsobject":false,"compat_metadata":false,"compat_foreach":false,"compat_arrayleft":false,"compat_prototypes":true,"compat_uW_gmonkey":false,"compat_forvarin":false,"noframes":null,"awareOfChrome":false,"run_at":null,"override":{"use_includes":[],"orig_includes":["http*://avio.pw/*","http*://avso.pw/*","http*://avxo.pw/*","http*://www.av28.com/*/movie/*","http*://*javlibrary.com/*","http*://*javlib.com/*","http*://*javl10.com/*","http*://*jav11b.com/*","http*://*ja14b.com/*","http*://www.libredmm.com/products/*","http*://www.javbus.com/*","http*://www.javbus.me/*","http*://www.javbus2.com/*","http*://www.javbus3.com/*","http*://www.javbus5.com/*","http*://www.icpmp.com/fanhao/*.html","http*://blog.jav4you.com/*","http*://*1pondo.tv/*/index.htm","http*://www.dmm.co.jp/digital/videoa/*","http*://www.jade-net-home.com/products/*","http*://pan.baidu.com/disk/home*","http*://115.com/?tab=offline&mode=wangpan","http*://www.furk.net/users/files/add"],"merge_includes":true,"use_matches":[],"orig_matches":[],"merge_matches":true,"use_excludes":[],"orig_excludes":[],"merge_excludes":true,"use_connects":["btso.pw"],"merge_connects":true,"use_blockers":[],"orig_run_at":"document-end","orig_noframes":null}},"settings":{"enabled":true,"position":16},"meta":{"name":"挊","uuid":"c9bf417b-03ef-4e61-b1e9-1bf2f2aed079","modified":1502958979432,"file_url":"https://greasyfork.org/scripts/8392-%E6%8C%8A/code/%E6%8C%8A.user.js"}}