{"options":{"check_for_updates":true,"comment":null,"compatopts_for_requires":true,"compat_wrappedjsobject":false,"compat_metadata":false,"compat_foreach":false,"compat_arrayleft":false,"compat_uW_gmonkey":false,"compat_forvarin":false,"noframes":null,"awareOfChrome":false,"run_at":null,"override":{"use_includes":[],"orig_includes":["http://pan.baidu.com/share/init?*","http://yun.baidu.com/share/init?*","https://pan.baidu.com/share/init?*","https://yun.baidu.com/share/init?*","https://eyun.baidu.com/enterprise/share/init?*","http://*.yunpan.cn/lk/*","https://*.yunpan.cn/lk/*","http://share.weiyun.com/*"],"merge_includes":true,"use_matches":[],"orig_matches":[],"merge_matches":true,"use_excludes":[],"orig_excludes":[],"merge_excludes":true,"use_connects":[],"merge_connects":true,"use_blockers":[],"orig_run_at":"document-start","orig_noframes":null}},"settings":{"enabled":true,"position":13},"meta":{"name":"网盘自动填写提取密码","uuid":"d34afe6d-cbfb-4893-a9ff-cc1448b54566","modified":1510905484681,"file_url":"https://greasyfork.org/scripts/1002-%E7%BD%91%E7%9B%98%E8%87%AA%E5%8A%A8%E5%A1%AB%E5%86%99%E6%8F%90%E5%8F%96%E5%AF%86%E7%A0%81/code/%E7%BD%91%E7%9B%98%E8%87%AA%E5%8A%A8%E5%A1%AB%E5%86%99%E6%8F%90%E5%8F%96%E5%AF%86%E7%A0%81.user.js"}}