{"options":{"check_for_updates":true,"comment":null,"compatopts_for_requires":true,"compat_wrappedjsobject":true,"compat_metadata":false,"compat_foreach":false,"compat_arrayleft":false,"compat_uW_gmonkey":false,"compat_forvarin":false,"noframes":null,"awareOfChrome":false,"run_at":null,"override":{"use_includes":[],"orig_includes":["*"],"merge_includes":true,"use_matches":[],"orig_matches":[],"merge_matches":true,"use_excludes":[],"orig_excludes":[],"merge_excludes":true,"use_connects":[],"merge_connects":true,"use_blockers":[],"orig_run_at":"document-idle","orig_noframes":null}},"settings":{"enabled":true,"position":3},"meta":{"name":"网页强制复制","uuid":"4ac8f8e3-c0a1-42da-ac97-5ff56812ce5c","modified":1502685127150,"file_url":"https://greasyfork.org/scripts/218-%E7%BD%91%E9%A1%B5%E5%BC%BA%E5%88%B6%E5%A4%8D%E5%88%B6/code/%E7%BD%91%E9%A1%B5%E5%BC%BA%E5%88%B6%E5%A4%8D%E5%88%B6.user.js"}}