{"options":{"check_for_updates":true,"comment":null,"compatopts_for_requires":true,"compat_wrappedjsobject":false,"compat_metadata":false,"compat_foreach":false,"compat_arrayleft":false,"compat_uW_gmonkey":false,"compat_forvarin":false,"noframes":null,"awareOfChrome":false,"run_at":null,"override":{"use_includes":[],"orig_includes":[],"merge_includes":true,"use_matches":[],"orig_matches":["*://*.t66y.com/*"],"merge_matches":true,"use_excludes":[],"orig_excludes":[],"merge_excludes":true,"use_connects":[],"merge_connects":true,"use_blockers":[],"orig_run_at":"document-end","orig_noframes":null}},"settings":{"enabled":true,"position":23},"meta":{"name":"草榴小助手","uuid":"f1fbff41-2a1f-4b9a-8cf9-c19f2189d891","modified":1502685127260,"file_url":"https://greasyfork.org/scripts/26468-%E8%8D%89%E6%A6%B4%E5%B0%8F%E5%8A%A9%E6%89%8B/code/%E8%8D%89%E6%A6%B4%E5%B0%8F%E5%8A%A9%E6%89%8B.user.js"}}