{"options":{"check_for_updates":true,"comment":null,"compatopts_for_requires":true,"compat_wrappedjsobject":false,"compat_metadata":false,"compat_foreach":false,"compat_arrayleft":false,"compat_uW_gmonkey":false,"compat_forvarin":false,"noframes":null,"awareOfChrome":false,"run_at":null,"override":{"use_includes":[],"orig_includes":[],"merge_includes":true,"use_matches":[],"orig_matches":["*://www.viidii.info/*"],"merge_matches":true,"use_excludes":[],"orig_excludes":[],"merge_excludes":true,"use_connects":[],"merge_connects":true,"use_blockers":[],"orig_run_at":"document-idle","orig_noframes":null}},"settings":{"enabled":true,"position":36},"meta":{"name":"跳过草榴viidii等待时间","uuid":"e45aae69-0408-4f4e-923e-33f1650004a3","modified":1502685127321,"file_url":"https://greasyfork.org/scripts/26885-%E8%B7%B3%E8%BF%87%E8%8D%89%E6%A6%B4viidii%E7%AD%89%E5%BE%85%E6%97%B6%E9%97%B4/code/%E8%B7%B3%E8%BF%87%E8%8D%89%E6%A6%B4viidii%E7%AD%89%E5%BE%85%E6%97%B6%E9%97%B4.user.js"}}