{"options":{"awareOfChrome":false,"check_for_updates":true,"comment":null,"compat_arrayleft":false,"compat_foreach":false,"compat_forvarin":false,"compat_metadata":false,"compat_uW_gmonkey":false,"compat_wrappedjsobject":false,"compatopts_for_requires":true,"noframes":null,"override":{"merge_connects":true,"merge_excludes":true,"merge_includes":true,"merge_matches":true,"orig_connects":[],"orig_excludes":[],"orig_includes":["http://*"],"orig_matches":[],"orig_noframes":null,"orig_run_at":"document-idle","use_blockers":[],"use_connects":[],"use_excludes":[],"use_includes":[],"use_matches":[]},"run_at":null},"settings":{"enabled":true,"position":33},"meta":{"name":"CL1024改进版","uuid":"52042c6a-a116-420c-97ac-10f726274ac0","modified":1506679600548,"file_url":"https://greasyfork.org/scripts/11397-cl1024%E4%BF%AE%E6%94%B9%E7%89%88/code/CL1024%E4%BF%AE%E6%94%B9%E7%89%88.user.js"}}