{"options":{"awareOfChrome":false,"check_for_updates":true,"comment":null,"compat_arrayleft":false,"compat_foreach":false,"compat_forvarin":false,"compat_metadata":false,"compat_uW_gmonkey":false,"compat_wrappedjsobject":false,"compatopts_for_requires":true,"noframes":null,"override":{"merge_connects":true,"merge_excludes":true,"merge_includes":true,"merge_matches":true,"orig_excludes":[],"orig_includes":[],"orig_matches":["http://*.javlibrary.com/*"],"orig_noframes":null,"orig_run_at":"document-start","use_blockers":[],"use_connects":[],"use_excludes":[],"use_includes":[],"use_matches":[]},"run_at":null},"settings":{"enabled":true,"position":34},"meta":{"name":"javlibrary.com 优化脚本","uuid":"f7f8a696-4dc8-437d-bb55-1db2b36767c7","modified":1502685127314,"file_url":"https://greasyfork.org/scripts/25428-javlibrary-com-%E4%BC%98%E5%8C%96%E8%84%9A%E6%9C%AC/code/javlibrarycom%20%E4%BC%98%E5%8C%96%E8%84%9A%E6%9C%AC.user.js"}}