{"options":{"awareOfChrome":false,"check_for_updates":true,"comment":null,"compat_arrayleft":false,"compat_foreach":false,"compat_forvarin":false,"compat_metadata":false,"compat_uW_gmonkey":false,"compat_wrappedjsobject":false,"compatopts_for_requires":true,"noframes":null,"override":{"merge_connects":true,"merge_excludes":true,"merge_includes":true,"merge_matches":true,"orig_connects":[],"orig_excludes":["*/test/*.html*","http://acid3.acidtests.org/*","http://www.acfun.tv/*","http://www.sf-express.com/*","http://furk.net/*"],"orig_includes":["*"],"orig_matches":[],"orig_noframes":null,"orig_run_at":"document-idle","use_blockers":[],"use_connects":[],"use_excludes":[],"use_includes":[],"use_matches":[]},"run_at":null},"settings":{"enabled":true,"position":43},"meta":{"name":"Popup Search","uuid":"bec69b13-4248-4f0d-b649-c37cb6b5c622","modified":1506679601229,"file_url":"https://greasyfork.org/scripts/340-popup-search/code/Popup%20Search.user.js"}}