{"options":{"awareOfChrome":false,"check_for_updates":true,"comment":null,"compat_arrayleft":false,"compat_foreach":false,"compat_forvarin":false,"compat_metadata":false,"compat_uW_gmonkey":false,"compat_wrappedjsobject":false,"compatopts_for_requires":true,"noframes":null,"override":{"merge_connects":true,"merge_excludes":true,"merge_includes":true,"merge_matches":true,"orig_connects":["rai.it","rai.tv","video.lazza.dk"],"orig_excludes":["http://www.raiplay.it/dirette/*"],"orig_includes":["http://www*.rai.*/dl/RaiTV/programmi/media/*","http://www*.rai.*/dl/RaiTV/tematiche/*","http://www*.rai.*/dl/*PublishingBlock-*","http://www*.rai.*/dl/replaytv/replaytv.*","http://rai.it/*","http://*.rai.it/*","http://www.raiplay.it/*","http://www.rainews.it/dl/rainews/*"],"orig_matches":[],"orig_noframes":null,"orig_run_at":"document-idle","use_blockers":[],"use_connects":[],"use_excludes":[],"use_includes":[],"use_matches":[]},"run_at":null},"settings":{"enabled":true,"position":30},"meta":{"name":"Rai.tv native video player and direct links","uuid":"e465d4ba-335d-4264-9a4f-17fa259dc201","modified":1506679600735,"file_url":"https://greasyfork.org/scripts/2128-rai-tv-native-video-player-and-direct-links/code/Raitv%20native%20video%20player%20and%20direct%20links.user.js"}}