{"options":{"awareOfChrome":false,"check_for_updates":true,"comment":null,"compat_arrayleft":false,"compat_foreach":false,"compat_forvarin":false,"compat_metadata":false,"compat_uW_gmonkey":false,"compat_wrappedjsobject":false,"compatopts_for_requires":true,"noframes":null,"override":{"merge_connects":true,"merge_excludes":true,"merge_includes":true,"merge_matches":true,"orig_excludes":[],"orig_includes":["http://www.verycd.com/topics/*"],"orig_matches":[],"orig_noframes":null,"orig_run_at":"document-idle","use_blockers":[],"use_connects":[],"use_excludes":[],"use_includes":[],"use_matches":[]},"run_at":null},"settings":{"enabled":true,"position":28},"meta":{"name":"verycd补全下载链接","uuid":"14a0235f-9265-4f12-97b2-2df30145eed6","modified":1502685127284,"file_url":"https://greasyfork.org/scripts/301-verycd%E8%A1%A5%E5%85%A8%E4%B8%8B%E8%BD%BD%E9%93%BE%E6%8E%A5/code/verycd%E8%A1%A5%E5%85%A8%E4%B8%8B%E8%BD%BD%E9%93%BE%E6%8E%A5.user.js"}}