{"options":{"awareOfChrome":false,"check_for_updates":true,"comment":null,"compat_arrayleft":false,"compat_foreach":false,"compat_forvarin":false,"compat_metadata":false,"compat_uW_gmonkey":false,"compat_wrappedjsobject":false,"compatopts_for_requires":true,"noframes":null,"override":{"merge_connects":true,"merge_excludes":true,"merge_includes":true,"merge_matches":true,"orig_excludes":[],"orig_includes":[],"orig_matches":["*://www.viidii.info/*"],"orig_noframes":null,"orig_run_at":"document-idle","use_blockers":[],"use_connects":[],"use_excludes":[],"use_includes":[],"use_matches":[]},"run_at":null},"settings":{"enabled":true,"position":36},"meta":{"name":"跳过草榴viidii等待时间","uuid":"e45aae69-0408-4f4e-923e-33f1650004a3","modified":1502685127321,"file_url":"https://greasyfork.org/scripts/26885-%E8%B7%B3%E8%BF%87%E8%8D%89%E6%A6%B4viidii%E7%AD%89%E5%BE%85%E6%97%B6%E9%97%B4/code/%E8%B7%B3%E8%BF%87%E8%8D%89%E6%A6%B4viidii%E7%AD%89%E5%BE%85%E6%97%B6%E9%97%B4.user.js"}}