{"options":{"awareOfChrome":false,"check_for_updates":true,"comment":null,"compat_arrayleft":false,"compat_foreach":false,"compat_forvarin":false,"compat_metadata":false,"compat_uW_gmonkey":false,"compat_wrappedjsobject":false,"compatopts_for_requires":true,"noframes":null,"override":{"merge_connects":true,"merge_excludes":true,"merge_includes":true,"merge_matches":true,"orig_excludes":["http://base.yixun.com/*"],"orig_includes":["http*://*.jd.*/*","http*://*.amazon.cn/*","http*://*.yixun.com/*","http*://*.yhd.com/*","http*://*.suning.com/*","http*://*.dangdang.com/*","http*://*.tmall.com/*","http*://*.taobao.com/*","http*://*.smzdm.com/*"],"orig_matches":[],"orig_noframes":null,"orig_run_at":"document-idle","use_blockers":[],"use_connects":[],"use_excludes":[],"use_includes":[],"use_matches":[]},"run_at":null},"settings":{"enabled":true,"position":22},"meta":{"name":"返利推广链接自动清洗","uuid":"1fc5e8aa-8336-4d59-9943-51ff4630f147","modified":1502685127256,"file_url":"https://greasyfork.org/scripts/16772-%E8%BF%94%E5%88%A9%E6%8E%A8%E5%B9%BF%E9%93%BE%E6%8E%A5%E8%87%AA%E5%8A%A8%E6%B8%85%E6%B4%97/code/%E8%BF%94%E5%88%A9%E6%8E%A8%E5%B9%BF%E9%93%BE%E6%8E%A5%E8%87%AA%E5%8A%A8%E6%B8%85%E6%B4%97.user.js"}}