{"options":{"awareOfChrome":false,"check_for_updates":true,"comment":null,"compat_arrayleft":false,"compat_foreach":false,"compat_forvarin":false,"compat_metadata":false,"compat_prototypes":true,"compat_uW_gmonkey":false,"compat_wrappedjsobject":true,"compatopts_for_requires":true,"noframes":null,"override":{"merge_connects":true,"merge_excludes":true,"merge_includes":true,"merge_matches":true,"orig_excludes":[],"orig_includes":["http*://*javlibrary.com/*","http*://*javlib.com/*","http*://*5avlib.com/*","http*://*look4lib.com/*","http*://*javlib3.com/*","http*://*javli6.com/*","http*://*j8vlib.com/*","http*://*j9lib.com/*","http*://*jav11b.com/*","http*://*ja14b.com/*","http*://*13vlib.com/*","https://www.javbus.com/*","https://www.javbus2.com/*","https://www.javbus3.com/*","https://www.javbus5.com/*","https://www.javbus.me/*","http*://www.javbus.com/*","http*://*avmo.pw/*","http*://*avmo.club/*","http*://*avio.pw/*","http*://*avso.pw/*","http*://*avso.club/*","http*://*avxo.pw/*","http://115.com/*"],"orig_matches":[],"orig_noframes":null,"orig_run_at":"document-idle","use_blockers":[],"use_connects":[],"use_excludes":[],"use_includes":[],"use_matches":[]},"run_at":null},"settings":{"enabled":true,"position":14},"meta":{"name":"JAV老司机","uuid":"757fd430-408e-4e06-a94a-1355499d0da8","modified":1510905485200,"file_url":"https://greasyfork.org/scripts/25781-jav%E8%80%81%E5%8F%B8%E6%9C%BA/code/JAV%E8%80%81%E5%8F%B8%E6%9C%BA.user.js"}}