{"data":{"setting":"s{\"site_list\":{\"Google\":\"https://www.google.com/searchbyimage?image_url={%s}\",\"Baidu\":\"https://image.baidu.com/n/pc_search?queryImageUrl={%s}&fm=result_camera&uptype=paste&drag=1\",\"Bing\":\"https://www.bing.com/images/searchbyimage?cbir=sbi&iss=sbi&imgurl={%s}\",\"TinEye\":\"https://www.tineye.com/search?url={%s}\",\"Yandex\":\"https://yandex.ru/images/search?rpt=imageview&img_url={%s}\",\"Sogou\":\"https://pic.sogou.com/ris?query={%s}&flag=1&drag=0\",\"360 ShiTu\":\"http://st.so.com/stu?imgurl={%s}\",\"SauceNAO\":\"https://saucenao.com/search.php?db=999&url={%s}\",\"IQDB\":\"https://iqdb.org/?url={%s}\",\"3D IQDB\":\"https://3d.iqdb.org/?url={%s}\",\"WhatAnime\":\"https://whatanime.ga/?url={%s}\"},\"site_option\":[\"Google\",\"Baidu\",\"Bing\",\"TinEye\",\"Yandex\",\"Sogou\",\"360 ShiTu\",\"SauceNAO\",\"IQDB\",\"3D IQDB\",\"WhatAnime\",\"WhatAnime\"],\"hot_key\":\"ctrlKey\",\"server_url\":\"//sbi.ccloli.com/img/upload.php\"}","timestamp":"n1502772472789","version":"n4"},"ts":1513126329815}