{"options":{"awareOfChrome":false,"check_for_updates":true,"comment":null,"compat_arrayleft":false,"compat_foreach":false,"compat_forvarin":false,"compat_metadata":false,"compat_uW_gmonkey":false,"compat_wrappedjsobject":true,"compatopts_for_requires":true,"noframes":null,"override":{"merge_connects":true,"merge_excludes":true,"merge_includes":true,"merge_matches":true,"orig_excludes":[],"orig_includes":["*"],"orig_matches":[],"orig_noframes":null,"orig_run_at":"document-idle","use_blockers":[],"use_connects":[],"use_excludes":[],"use_includes":[],"use_matches":[]},"run_at":null},"settings":{"enabled":true,"position":3},"meta":{"name":"网页强制复制","uuid":"4ac8f8e3-c0a1-42da-ac97-5ff56812ce5c","modified":1502685127150,"file_url":"https://greasyfork.org/scripts/218-%E7%BD%91%E9%A1%B5%E5%BC%BA%E5%88%B6%E5%A4%8D%E5%88%B6/code/%E7%BD%91%E9%A1%B5%E5%BC%BA%E5%88%B6%E5%A4%8D%E5%88%B6.user.js"}}