{"options":{"awareOfChrome":false,"check_for_updates":true,"comment":null,"compat_arrayleft":false,"compat_foreach":false,"compat_forvarin":false,"compat_metadata":false,"compat_uW_gmonkey":false,"compat_wrappedjsobject":false,"compatopts_for_requires":true,"noframes":null,"override":{"merge_connects":true,"merge_excludes":true,"merge_includes":true,"merge_matches":true,"orig_excludes":[],"orig_includes":[],"orig_matches":["*://*.t66y.com/*"],"orig_noframes":null,"orig_run_at":"document-end","use_blockers":[],"use_connects":[],"use_excludes":[],"use_includes":[],"use_matches":[]},"run_at":null},"settings":{"enabled":true,"position":23},"meta":{"name":"草榴小助手","uuid":"f1fbff41-2a1f-4b9a-8cf9-c19f2189d891","modified":1502685127260,"file_url":"https://greasyfork.org/scripts/26468-%E8%8D%89%E6%A6%B4%E5%B0%8F%E5%8A%A9%E6%89%8B/code/%E8%8D%89%E6%A6%B4%E5%B0%8F%E5%8A%A9%E6%89%8B.user.js"}}